id;tema;titolo;corpo;autore;etichetta;creata;visibile
a01;amore;Il caffè della domenica;"Mi hai insegnato che l'amore non è la parte grande. È che la domenica ti alzi prima di me e metti su il caffè, e poi torni a letto ad aspettare che l'odore mi svegli.

Non l'ho mai detto a nessuno perché detto così sembra niente. Ma quando ho paura che finisca penso a quello: alla tazza già pronta, girata con il manico verso di me perché sai che sono mancina.";m.;gratitudine;2026-06-14T09:12:00;TRUE
a02;amore;Non te l'ho mai detto;"Abbiamo condiviso quattro anni di autobus, la stessa fermata, lo stesso freddo. Ti ho fatto ridere ogni singolo giorno e non ti ho mai detto perché ci provavo così tanto.

Ora sei a Berlino e io sono ancora a quella fermata. Non è un rimpianto: è solo una cosa che esiste, e mi sembrava giusto che esistesse anche scritta da qualche parte.";anonimo;non detto;2026-06-21T23:40:00;TRUE
a03;amore;Sei arrivato tardi;"Sei tornato dopo due anni con la faccia di chi non ha mai chiesto scusa. Il problema è che ti ho aperto.

Non per debolezza: volevo vedere se ero ancora quella che ti aspettava. Non lo ero, ed è la cosa più bella che mi sia capitata quest'anno.";l.c.;ritorni;2026-07-02T18:05:00;TRUE
a04;amore;Trecento chilometri;"Trecento chilometri, un treno alle 6:40, il regionale che sa di ferro. Faccio questa cosa ogni due venerdì da un anno e mezzo.

La gente mi chiede se ne vale la pena e io non so mai rispondere, perché la risposta è troppo semplice: sì. Vale la pena anche solo per i venti minuti in cui ti vedo cercarmi in mezzo alla gente e non mi hai ancora trovata.";una che aspetta;distanza;2026-07-08T21:30:00;TRUE
a05;amore;Il tuo nome sul citofono;"Avevo sedici anni e passavo davanti al tuo portone per leggere il tuo cognome sul citofono. Tutto lì. Non ti ho mai suonato.

A volte penso che tutte le storie che ho avuto dopo siano state un modo di suonare quel citofono con vent'anni di ritardo.";anonimo;primo amore;2026-07-11T14:20:00;TRUE
a06;amore;Lettera che non spedirò;"Ti scrivo per dirti che sto bene, e non è vero, ma sto imparando.

Ti scrivo per dirti che ho tenuto la tua maglia e che non la indosso: la tengo nel cassetto come si tiene una prova.

Ti scrivo per dirti che se un giorno mi cerchi ti risponderò, e questa è l'unica frase di cui mi vergogno.";r.;lettere mai spedite;2026-07-19T02:11:00;TRUE
a07;amore;Ti ho visto ridere;"Terzo piano, biblioteca, tavolo vicino alla finestra. Hai riso da sola guardando il telefono e ti sei subito guardata intorno per controllare se qualcuno ti aveva vista.

Io ti avevo vista. Sono tre settimane che studio a quel tavolo sperando che tu rida di nuovo.";23 anni;sguardi;2026-07-26T19:48:00;TRUE
a08;amore;Grazie per il lunedì;"Non siamo mai stati insieme, e va bene. Ma per due anni, ogni lunedì mattina, mi hai mandato un messaggio per dirmi che ce l'avremmo fatta anche quella settimana.

Non credo tu sappia quante volte quel messaggio è arrivato nel momento esatto in cui non ce la facevo.";anonimo;gratitudine;2026-08-01T08:02:00;TRUE
a09;amore;Dopo di te;"La cosa che nessuno ti dice è che dopo non smetti di amare: smetti solo di avere un posto dove metterlo.

Per mesi ho continuato a comprare il pane che piaceva a te. Adesso compro il mio. Sembra poco, ma è tutto.";s.;dopo;2026-08-05T22:14:00;TRUE
a10;amore;La prima volta che mi hai chiamato per nome;"Ero il ragazzo del banco in fondo, quello che nessuno chiamava. Tu sei arrivata a ottobre e il secondo giorno mi hai chiamato per nome, ad alta voce, davanti a tutti.

Non è successo niente di più, in dodici anni. Ma ho imparato lì che essere chiamati per nome è già una forma di amore.";g.;primo amore;2026-08-09T17:33:00;TRUE
a11;amore;Mia madre dice che si vede;"Mia madre dice che si vede quando guardo il telefono e ci sei tu. Dice che faccio una faccia che non ho mai fatto per nessuno.

Le ho risposto male, come si fa a ventisei anni. Poi sono andata in bagno e ho pianto, perché ha ragione e mi fa una paura enorme.";anonimo;sguardi;2026-08-14T13:07:00;TRUE
a12;amore;Se leggi questa;"Se leggi questa saprai che sei tu, perché ti ho descritto un milione di volte e non ti ho mai nominato.

Non voglio niente. Volevo solo che una volta nella vita qualcuno scrivesse di te in un posto pubblico, e che tu passassi per caso e ti sentissi vista.";chi ti conosce;non detto;2026-08-19T10:26:00;TRUE
p01;paura;Scappo prima che tu lo faccia;"Il mio schema è sempre lo stesso: sto bene, sto troppo bene, e poi cerco un motivo. Un messaggio letto tardi, una frase detta male. Costruisco l'uscita mentre siamo ancora dentro.

Non ho paura di essere lasciata. Ho paura di non essere quella che decide.";anonimo;sabotaggio;2026-06-11T01:20:00;TRUE
p02;paura;Ho paura di essere troppo;"Conto i messaggi. Se ne ho mandati due di fila mi fermo. Rileggo tre volte prima di scrivere mi manchi e alla fine scrivo tutto ok.

Ho passato dieci anni a rendermi più piccola per stare nelle stanze di persone che non mi avevano chiesto niente.";n.;vulnerabilità;2026-06-18T23:02:00;TRUE
p03;paura;Il silenzio delle 23:47;C'è un'ora precisa in cui la paura arriva. Non è quando litighiamo: è quando è tutto tranquillo e tu dormi e io sto sveglia a chiedermi da quanto tempo va bene, e quanto può durare una cosa che va bene.;anonimo;silenzio;2026-06-29T23:47:00;TRUE
p04;paura;Non rispondo ai messaggi belli;"Ai messaggi brutti rispondo in trenta secondi. A quelli belli metto due giorni.

Un'amica me l'ha fatto notare e mi sono arrabbiata con lei. Ci ho pensato per un mese. Aveva ragione: rispondere a un messaggio bello vuol dire ammettere che mi ha fatto piacere.";f.;fuga;2026-07-04T16:15:00;TRUE
p05;paura;Mio padre è andato via a marzo;"Mio padre è andato via a marzo, io avevo nove anni, e per tutta la vita ho pensato che fosse per come sono fatta.

Ora ne ho trentuno e ogni volta che qualcuno prende la valigia per un viaggio di lavoro io controllo l'armadio, per vedere se ha lasciato le camicie. Le lascia sempre. Non è mai abbastanza.";anonimo;abbandono;2026-07-10T20:38:00;TRUE
p06;paura;Controllo l'ultimo accesso;"Non sono gelosa di lei. Sono gelosa dell'idea che qualcuno possa dargli una cosa che io non so dare.

È un pensiero che mi fa schifo e lo scrivo qui perché è l'unico posto dove nessuno mi guarda in faccia mentre lo dico.";una qualunque;gelosia;2026-07-15T00:55:00;TRUE
p07;paura;Se mi vedi davvero, mi lasci;"Sono bravissimo nei primi tre mesi: divertente, presente, attento. Poi comincia la parte in cui una persona ti vede davvero, e lì di solito trovo un lavoro in un'altra città.

Ho fatto due traslochi in quattro anni e li ho chiamati entrambi opportunità.";p.;vulnerabilità;2026-07-22T19:09:00;TRUE
p08;paura;Ho detto che non ero pronta;"Ho detto che non ero pronta. Era vero e non era vero: ero pronta per lui, non ero pronta per il rischio che fosse davvero la cosa giusta e che poi finisse comunque.

Preferire il niente al forse è la cosa più stupida che ho fatto, e la rifarei ancora. Questa è la parte che mi spaventa.";anonimo;sabotaggio;2026-07-28T12:40:00;TRUE
p09;paura;Ricominciare a trentaquattro anni;"Trentaquattro anni, un divorzio, un cane in affido condiviso.

La cosa che nessuno dice è che dopo non hai paura delle persone nuove: hai paura di te. Di scoprire che sceglieresti di nuovo la stessa cosa sbagliata, solo perché la riconosci.";m.t.;ricominciare;2026-08-03T09:26:00;TRUE
p10;paura;Ti chiamo amico così non fa male;"Ti chiamo amico da sei anni. Ti chiamo amico ai miei genitori, ai miei colleghi, a me stesso alle tre di notte.

Finché resta una parola piccola non può rompersi niente.";anonimo;attaccamento;2026-08-08T21:11:00;TRUE
p11;paura;Ho paura del suo silenzio, non del mio;"Quando non risponde per due ore, il mio corpo lo sa prima della mia testa: stomaco, mani, respiro corto.

Ho fatto un anno di terapia per imparare che due ore sono due ore e non un abbandono. Certi giorni funziona.";b.;silenzio;2026-08-12T18:29:00;TRUE
p12;paura;Non so stare senza avere paura;"Sto imparando che la paura non se ne va: si sposta. Prima era paura che non arrivasse nessuno, ora è paura che quello che è arrivato mi conosca.

Va bene, credo. Se aspetto di non avere paura non parto mai.";anonimo;ricominciare;2026-08-18T07:44:00;TRUE
